Date,Pollster,Client,Sample,Con,Labour,Lib Dem,SNP,Alba,Reform,Green,Others
30 Apr 26,Norstat,Norstat,1002,14%,17%,10%,28%,—,17%,12%,3%
23 Apr 26,Survation,Survation,834,11.59%,16.93%,9.18%,29.22%,—,19.21%,11.67%,2.20%
21 Apr 26,Survation,Survation,819,13.09%,17.44%,7.82%,29.11%,—,19.45%,11.35%,1.74%
1 Apr 26,Norstat,Norstat,1006,10%,17%,14%,30%,—,15%,12%,4%
26 Mar 26,Ipsos,IPSOS,731,13%,15%,9%,29%,—,16%,16%,3%
23 Mar 26,Survation,Survation,835,13%,17%,8%,32%,—,18%,11%,1%
25 Feb 26,Survation,Survation,786,13%,17%,9%,33%,1%,17%,9%,1%
19 Feb 26,Ipsos,IPSOS,771,11%,19%,10%,26%,1%,14%,16%,1%
13 Feb 26,Norstat,Norstat,1001,11%,17%,7%,30%,3%,19%,11%,2%
16 Jan 26,Norstat,Norstat,1016,12%,17%,9%,29%,4%,16%,11%,1%
12 Jan 26,Survation,Survation,829,13%,18%,11%,28%,3%,18%,9%,—
27 Nov 25,Ipsos,IPSOS,755,12%,18%,7%,28%,1%,17%,17%,1%
14 Oct 25,Survation,Survation,1624,12%,17%,10%,29%,2%,20%,10%,1%
25 Sept 25,Norstat,Norstat,1010,13%,18%,10%,29%,4%,18%,8%,1%
16 Sept 25,Survation,Survation,1636,13%,18%,11%,31%,2%,16%,8%,1%
12 Jun 25,Ipsos,IPSOS,774,10%,22%,8%,26%,2%,16%,15%,1%
30 May 25,Norstat,Norstat,1007,15%,18%,10%,28%,3%,16%,9%,1%
5 May 25,Survation,Survation,803,12%,18%,10%,29%,3%,20%,9%,—
22 Apr 25,Survation,Survation,852,15.79%,20.35%,9.18%,28.22%,2.05%,12.10%,9.58%,0.73%
13 Mar 25,Survation,Survation,844,13%,20%,9%,29%,3%,16%,8%,—
14 Jan 25,Norstat,Norstat,1026,15%,17%,11%,30%,4%,13%,10%,—
13 Jan 25,Survation,Survation,837,14%,21%,10%,31%,2%,13%,9%,—
6 Dec 24,Norstat,Norstat,1013,16%,18%,10%,32%,12%,8%,5%,1%
15 Nov 24,Survation,Survation,2550,15.30%,25.30%,8.57%,26.55%,2.81%,10.64%,10.38%,0.45%
1 Nov 24,Norstat,Norstat,1013,14%,22%,9%,29%,11%,9%,3%,2%
13 Sept 24,Survation,Survation,1740,13.53%,26.03%,9.59%,27.60%,2.67%,9.97%,9.93%,0.67%
29 Aug 24,Survation,Survation,846,12%,28%,10%,27%,2%,9%,10%,—
22 Aug 24,Norstat,Norstat,1011,14%,28%,7%,28%,9%,8%,5%,1%
26 Jun 24,Norstat,Norstat,1258,16%,29%,7%,28%,4%,6%,8%,1%
25 Jun 24,Survation,Survation,868,16.10%,33.90%,8.33%,30.24%,1.97%,—,6.68%,2.78%
14 Jun 24,Norstat,Norstat,1050,16%,27%,8%,28%,9%,5%,7%,1%
27 May 24,Survation,Survation,883,15.19%,33.05%,10.03%,29.08%,2.92%,—,8.10%,1.64%
12 Apr 24,Norstat,Norstat,1086,19%,25%,10%,28%,3%,4%,9%,1%
25 Jan 24,Ipsos,IPSOS,630,13%,31%,7%,33%,1%,2%,11%,1%
25 Jan 24,Norstat,Norstat,1007,19%,29%,7%,30%,3%,2%,9%,1%
25 Jan 24,Norstat,Norstat,1007,19%,29%,7%,30%,3%,2%,9%,1%
25 Jan 24,Survation,Survation,833,16%,29%,9%,31%,3%,—,9%,3%
20 Nov 23,Ipsos,IPSOS,660,15%,26%,8%,33%,2%,1%,10%,2%
5 Oct 23,Norstat,Norstat,1022,18%,30%,8%,29%,3%,—,12%,2%
18 Aug 23,Survation,Survation,833,14.78%,29.86%,8.83%,30.39%,—,4.81%,8.82%,2.51%
28 Jun 23,Survation,Survation,1623,18%,29%,9%,30%,—,2%,10%,2%
15 Jun 23,Norstat,Norstat,1007,17%,28%,8%,30%,4%,—,12%,1%
15 May 23,Ipsos,IPSOS,735,17%,27%,5%,35%,2%,1%,12%,1%
3 May 23,Survation,Survation,838,19%,—,26%,32%,—,—,7%,2%
3 Apr 23,Survation,Survation,844,18%,25%,7%,35%,—,2%,9%,2%
30 Mar 23,Norstat,Norstat,1089,20%,27%,6%,31%,5%,—,10%,2%
10 Mar 23,Norstat,Norstat,1013,17%,27%,8%,32%,—,—,12%,3%
24 Feb 23,Norstat,Norstat,1026,18%,23%,7%,37%,—,—,9%,4%
17 Feb 23,Survation,Survation,890,18%,27%,8%,35%,2%,1%,8%,—
7 Feb 23,Survation,Survation,926,16.83%,25.26%,7.14%,33.39%,—,2.08%,11.63%,3.66%
12 Jan 23,Survation,Survation,808,18%,25%,8%,33%,—,2%,12%,2%
1 Jan 23,Survation,Survation,848,15%,26%,9%,33%,2%,2%,12%,1%
16 Dec 22,Norstat,Norstat,1004,21%,20%,9%,38%,—,—,8%,5%
16 Dec 22,Norstat,Norstat,1004,20%,22%,7%,36%,—,—,10%,5%
28 Nov 22,Ipsos,IPSOS,781,14%,21%,6%,43%,1%,—,13%,1%
11 Oct 22,Norstat,Norstat,1018,17%,26%,7%,37%,4%,—,9%,—
29 Sept 22,Survation,Survation,811,14%,27%,9%,31%,1%,2%,14%,1%
29 Apr 22,Norstat,Norstat,1009,20%,22%,7%,36%,—,—,10%,5%
28 Mar 22,Survation,Survation,834,19%,23%,8%,34%,2%,2%,11%,2%
4 Feb 22,Norstat,Norstat,1128,21%,20%,9%,38%,—,—,8%,5%
22 Nov 21,Ipsos,IPSOS,815,20%,15%,6%,43%,1%,—,12%,3%
21 Nov 21,Survation,Survation,867,19%,21%,7%,37%,2%,1%,12%,2%
12 Nov 21,Norstat,Norstat,1781,21%,18%,8%,41%,—,—,10%,3%
10 Sept 21,Norstat,Norstat,2003,23%,18%,8%,38%,—,—,9%,4%
24 Jun 21,Norstat,Norstat,1287,23%,17%,6%,38%,—,—,9%,6%
4 May 21,Survation,Survation,863,21%,19%,7%,36%,3%,1%,10%,2%
30 Apr 21,Norstat,Norstat,1096,22%,16%,7%,39%,4%,—,8%,1%
26 Apr 21,Norstat,Norstat,1075,21%,18%,6%,36%,6%,—,10%,—
22 Apr 21,Survation,Survation,883,20%,22%,7%,35%,3%,1%,10%,3%
12 Apr 21,Norstat,Norstat,1002,22%,17%,6%,36%,6%,—,9%,—
1 Apr 21,Norstat,Norstat,1009,21%,17%,5%,39%,6%,—,8%,—
30 Mar 21,Survation,Survation,839,18%,19%,8%,38%,3%,1%,11%,2%
29 Mar 21,Ipsos,IPSOS,780,21%,18%,6%,38%,3%,—,12%,2%
18 Mar 21,Survation,Survation,1629,19%,20%,7%,39%,—,1%,11%,3%
12 Mar 21,Survation,Survation,807,21%,20%,8%,39%,—,1%,10%,2%
5 Mar 21,Norstat,Norstat,1013,—,—,—,—,—,—,—,—
15 Feb 21,Ipsos,IPSOS,880,22%,14%,6%,47%,—,—,8%,3%
22 Jan 21,Norstat,Norstat,1206,—,—,—,—,—,—,—,—
13 Jan 21,Survation,Survation,770,17%,19%,8%,40%,—,—,11%,4%
20 Nov 20,Ipsos,IPSOS,833,22%,16%,6%,47%,—,—,7%,2%
11 Nov 20,Norstat,Norstat,1020,20%,17%,6%,46%,—,—,8%,3%
3 Nov 20,Survation,Survation,879,17%,19%,7%,43%,—,2%,10%,2%
2 Oct 20,Ipsos,IPSOS,850,19%,13%,8%,47%,—,—,9%,3%
7 Sept 20,Survation,Survation,845,18%,18%,8%,42%,—,2%,10%,2%
3 Jul 20,Norstat,Norstat,1026,18%,15%,6%,50%,—,—,8%,2%
26 Mar 20,Norstat,Norstat,1023,—,—,—,—,—,—,—,—
22 Jan 20,Survation,Survation,841,21%,19%,9%,38%,—,2%,9%,2%
6 Dec 19,Norstat,Norstat,1020,—,—,—,—,—,—,—,—
22 Nov 19,Norstat,Norstat,2028,—,—,—,—,—,—,—,—
20 Jun 19,Norstat,Norstat,1024,—,—,—,—,—,—,—,—
17 May 19,Norstat,Norstat,1021,—,—,—,—,—,—,—,—
5 Dec 18,Norstat,Norstat,1028,—,—,—,—,—,—,—,—
4 Oct 18,Norstat,Norstat,1024,—,—,—,—,—,—,—,—
8 Jun 18,Norstat,Norstat,1021,—,—,—,—,—,—,—,—
5 Mar 01,Norstat,Norstat,1014,17%,28%,8%,27%,4%,6%,9%,—